<keymap version="1" name="GNOME Proper Redo" parent="Default for GNOME">
  <action id="$Copy">
    <keyboard-shortcut first-keystroke="ctrl c" />
    <keyboard-shortcut first-keystroke="meta c" />
  </action>
  <action id="$Paste">
    <keyboard-shortcut first-keystroke="ctrl v" />
    <keyboard-shortcut first-keystroke="meta v" />
  </action>
  <action id="$Redo">
    <keyboard-shortcut first-keystroke="shift ctrl z" />
    <keyboard-shortcut first-keystroke="shift alt back_space" />
    <keyboard-shortcut first-keystroke="ctrl y" />
  </action>
  <action id="$Undo">
    <keyboard-shortcut first-keystroke="ctrl z" />
    <keyboard-shortcut first-keystroke="alt back_space" />
    <keyboard-shortcut first-keystroke="meta z" />
  </action>
  <action id="CloseContent">
    <keyboard-shortcut first-keystroke="ctrl alt down" />
  </action>
  <action id="CommentByLineComment">
    <keyboard-shortcut first-keystroke="meta slash" />
  </action>
  <action id="CopyAsPlainText">
    <keyboard-shortcut first-keystroke="meta c" />
  </action>
  <action id="CopyPaths">
    <keyboard-shortcut first-keystroke="shift ctrl c" />
    <keyboard-shortcut first-keystroke="meta c" />
  </action>
  <action id="Editor Copy">
    <keyboard-shortcut first-keystroke="meta c" />
  </action>
  <action id="Editor Paste">
    <keyboard-shortcut first-keystroke="meta v" />
  </action>
  <action id="Editor Undo">
    <keyboard-shortcut first-keystroke="meta z" />
  </action>
  <action id="EditorDeleteLine" />
  <action id="EditorLeftWithSelection" />
  <action id="EditorLineEnd">
    <keyboard-shortcut first-keystroke="meta right" />
  </action>
  <action id="EditorLineStart">
    <keyboard-shortcut first-keystroke="meta left" />
  </action>
  <action id="EditorNextWord">
    <keyboard-shortcut first-keystroke="alt right" />
  </action>
  <action id="EditorPreviousWord">
    <keyboard-shortcut first-keystroke="alt left" />
  </action>
  <action id="EditorRightWithSelection" />
  <action id="Find">
    <keyboard-shortcut first-keystroke="meta f" />
  </action>
  <action id="GoToTab2">
    <keyboard-shortcut first-keystroke="shift meta 1" />
  </action>
  <action id="GotoImplementation">
    <mouse-shortcut keystroke="meta button1" />
  </action>
  <action id="List-selectNextColumnExtendSelection" />
  <action id="NextTab">
    <keyboard-shortcut first-keystroke="ctrl alt right" />
  </action>
  <action id="PreviousTab">
    <keyboard-shortcut first-keystroke="ctrl alt left" />
  </action>
  <action id="Replace">
    <keyboard-shortcut first-keystroke="meta r" />
  </action>
  <action id="SearchEverywhere.NextTab" />
  <action id="SearchEverywhere.PrevTab" />
  <action id="ShowPopupMenu" />
  <action id="Table-selectNextColumnExtendSelection" />
  <action id="Table-selectPreviousColumnExtendSelection" />
  <action id="Tree-selectParentExtendSelection" />
</keymap>