<application>
  <component name="MaterialThemeConfig">
    <option name="contrastMode" value="true" />
    <option name="premium" value="true" />
    <option name="isContrastMode" value="true" />
    <option name="overrideAccentColor" value="false" />
    <option name="pristineConfig" value="false" />
    <option name="indicatorStyle" value="None" />
    <option name="accentColor" value="538acb" />
    <option name="selectedTheme" value="DARKER" />
    <option name="userId" value="-4917b27c:17960a7cbc5:-8000" />
  </component>
</application>