<application>
  <component name="FileTypeManager" version="18">
    <extensionMap>
      <mapping pattern="wait" type="AUTO_DETECTED" />
      <mapping pattern="handlers" type="AUTO_DETECTED" />
      <mapping pattern="eventHandlers" type="AUTO_DETECTED" />
      <mapping pattern=".swp" type="PLAIN_TEXT" />
      <removed_mapping pattern="*.d.ts" approved="true" type="PLAIN_TEXT" />
      <removed_mapping ext="ignore" approved="true" type="IgnoreLang file" />
    </extensionMap>
  </component>
</application>